{
    "parent": "item/generated",
    "author": "ybw0014",
    "textures": {
        "layer0": "item/potion_overlay",
        "layer1": "item/potion"
    },
    "overrides": [
        { "predicate": { "custom_model_data": 2200228}, "model": "item/raulh22/slimefun/slimefun/items/medicine"},
        { "predicate": { "custom_model_data": 2200284}, "model": "item/raulh22/slimefun/slimefun/food/apple_juice"},
		{ "predicate": { "custom_model_data": 2200285}, "model": "item/raulh22/slimefun/slimefun/food/carrot_juice"},
		{ "predicate": { "custom_model_data": 2200286}, "model": "item/raulh22/slimefun/slimefun/food/melon_juice"},
		{ "predicate": { "custom_model_data": 2200287}, "model": "item/raulh22/slimefun/slimefun/food/pumpkin_juice"},
		{ "predicate": { "custom_model_data": 2200288}, "model": "item/raulh22/slimefun/slimefun/food/sweet_berry_juice"},
		{ "predicate": { "custom_model_data": 2200289}, "model": "item/raulh22/slimefun/slimefun/food/golden_apple_juice"},
        { "predicate": { "custom_model_data": 2300005}, "model": "item/ybw0014/exoticgarden/drinks/grape_juice"},
        { "predicate": { "custom_model_data": 2300006}, "model": "item/ybw0014/exoticgarden/drinks/grape_smoothie"},
        { "predicate": { "custom_model_data": 2300011}, "model": "item/ybw0014/exoticgarden/drinks/blueberry_juice"},
        { "predicate": { "custom_model_data": 2300012}, "model": "item/ybw0014/exoticgarden/drinks/blueberry_smoothie"},
        { "predicate": { "custom_model_data": 2300017}, "model": "item/ybw0014/exoticgarden/drinks/elderberry_juice"},
        { "predicate": { "custom_model_data": 2300018}, "model": "item/ybw0014/exoticgarden/drinks/elderberry_smoothie"},
        { "predicate": { "custom_model_data": 2300023}, "model": "item/ybw0014/exoticgarden/drinks/raspberry_juice"},
        { "predicate": { "custom_model_data": 2300024}, "model": "item/ybw0014/exoticgarden/drinks/raspberry_smoothie"},
        { "predicate": { "custom_model_data": 2300029}, "model": "item/ybw0014/exoticgarden/drinks/blackberry_juice"},
        { "predicate": { "custom_model_data": 2300030}, "model": "item/ybw0014/exoticgarden/drinks/blackberry_smoothie"},
        { "predicate": { "custom_model_data": 2300035}, "model": "item/ybw0014/exoticgarden/drinks/cranberry_juice"},
        { "predicate": { "custom_model_data": 2300036}, "model": "item/ybw0014/exoticgarden/drinks/cranberry_smoothie"},
        { "predicate": { "custom_model_data": 2300041}, "model": "item/ybw0014/exoticgarden/drinks/cowberry_juice"},
        { "predicate": { "custom_model_data": 2300042}, "model": "item/ybw0014/exoticgarden/drinks/cowberry_smoothie"},
        { "predicate": { "custom_model_data": 2300047}, "model": "item/ybw0014/exoticgarden/drinks/strawberry_juice"},
        { "predicate": { "custom_model_data": 2300048}, "model": "item/ybw0014/exoticgarden/drinks/strawberry_smoothie"},
        { "predicate": { "custom_model_data": 2300079}, "model": "item/ybw0014/exoticgarden/drinks/oak_apple_juice"},
        { "predicate": { "custom_model_data": 2300083}, "model": "item/ybw0014/exoticgarden/drinks/coconut_milk"},
        { "predicate": { "custom_model_data": 2300086}, "model": "item/ybw0014/exoticgarden/drinks/cherry_juice"},
        { "predicate": { "custom_model_data": 2300090}, "model": "item/ybw0014/exoticgarden/drinks/pomegranate_juice"},
        { "predicate": { "custom_model_data": 2300094}, "model": "item/ybw0014/exoticgarden/drinks/lemon_juice"},
        { "predicate": { "custom_model_data": 2300098}, "model": "item/ybw0014/exoticgarden/drinks/plum_juice"},
        { "predicate": { "custom_model_data": 2300102}, "model": "item/ybw0014/exoticgarden/drinks/lime_juice"},
        { "predicate": { "custom_model_data": 2300106}, "model": "item/ybw0014/exoticgarden/drinks/orange_juice"},
        { "predicate": { "custom_model_data": 2300110}, "model": "item/ybw0014/exoticgarden/drinks/peach_juice"},
        { "predicate": { "custom_model_data": 2300114}, "model": "item/ybw0014/exoticgarden/drinks/pear_juice"},
        { "predicate": { "custom_model_data": 2300118}, "model": "item/ybw0014/exoticgarden/drinks/dragon_fruit_juice"},
        { "predicate": { "custom_model_data": 2300120}, "model": "item/ybw0014/exoticgarden/drinks/lime_smoothie"},
        { "predicate": { "custom_model_data": 2300121}, "model": "item/ybw0014/exoticgarden/drinks/tomato_juice"},
        { "predicate": { "custom_model_data": 2300122}, "model": "item/ybw0014/exoticgarden/drinks/wine"},
        { "predicate": { "custom_model_data": 2300124}, "model": "item/ybw0014/exoticgarden/drinks/raspberry_iced_tea"},
        { "predicate": { "custom_model_data": 2300125}, "model": "item/ybw0014/exoticgarden/drinks/peach_iced_tea"},
        { "predicate": { "custom_model_data": 2300126}, "model": "item/ybw0014/exoticgarden/drinks/strawberry_iced_tea"},
        { "predicate": { "custom_model_data": 2300127}, "model": "item/ybw0014/exoticgarden/drinks/cherry_iced_tea"},
        { "predicate": { "custom_model_data": 2300128}, "model": "item/ybw0014/exoticgarden/drinks/thai_tea"},
        { "predicate": { "custom_model_data": 2300204}, "model": "item/ybw0014/exoticgarden/drinks/lemonade"},
        { "predicate": { "custom_model_data": 2300214}, "model": "item/ybw0014/exoticgarden/drinks/pineapple_juice"},
        { "predicate": { "custom_model_data": 2300215}, "model": "item/ybw0014/exoticgarden/drinks/pineapple_smoothie"}
    ]
}
